[
  {
    "id": "personal-info",
    "path": "personal-info",
    "icon": "pf-icon-user",
    "label": "personalInfoSidebarTitle",
    "descriptionLabel": "personalInfoIntroMessage",
    "modulePath": "/content/account-page/AccountPage.js",
    "componentName": "AccountPage"
  },
  {
    "id": "security",
    "icon": "pf-icon-security",
    "label": "accountSecuritySidebarTitle",
    "descriptionLabel": "accountSecurityIntroMessage",
    "content": [
      {
        "id": "signingin",
        "path": "security/signingin",
        "label": "signingInSidebarTitle",
        "modulePath": "/content/signingin-page/SigningInPage.js",
        "componentName": "SigningInPage"
      },
      {
        "id": "device-activity",
        "path": "security/device-activity",
        "label": "deviceActivitySidebarTitle",
        "modulePath": "/content/device-activity-page/DeviceActivityPage.js",
        "componentName": "DeviceActivityPage"
      },
      {
        "id": "linked-accounts",
        "path": "security/linked-accounts",
        "label": "linkedAccountsSidebarTitle",
        "modulePath": "/content/linked-accounts-page/LinkedAccountsPage.js",
        "componentName": "LinkedAccountsPage",
        "hidden": "!features.isLinkedAccountsEnabled"
      }
    ]
  },
  {
    "id": "applications",
    "icon": "pf-icon-applications",
    "path": "applications",
    "label": "applications",
    "descriptionLabel": "applicationsIntroMessage",
    "modulePath": "/content/applications-page/ApplicationsPage.js",
    "componentName": "ApplicationsPage"
  },
  {
    "id": "groups",
    "path": "groups",
    "icon": "pf-icon-server-group",
    "label": "groupLabel",
    "descriptionLabel": "groupDescriptionLabel",
    "modulePath": "/content/group-page/GroupsPage.js",
    "componentName": "GroupsPage",
    "hidden": "!features.isViewGroupsEnabled"
  },
  {
    "id": "resources",
    "icon": "pf-icon-repository",
    "path": "resources",
    "label": "resources",
    "descriptionLabel": "resourceIntroMessage",
    "modulePath": "/content/my-resources-page/MyResourcesPage.js",
    "componentName": "MyResourcesPage",
    "hidden": "!features.isMyResourcesEnabled"
  }
]